Date,RSXFS,INDPRO,UMCSENT,CPIAUCSL,DFF,UNRATE,GDPC1,Close_AAPL_stock_data,Close_GOOGL_stock_data,Close_MSFT_stock_data,Close_BABA_stock_data,Close_WMT_stock_data
2023-08-01,603784.0,103.0951,69.4,306.187,5.33,3.8,,195.61000061035200,131.5500030517580,336.3399963378910,100.0999984741210,52.369998931884800
2023-08-02,603784.0,103.0951,69.4,306.187,5.33,3.8,,192.5800018310550,128.3800048828130,327.5,95.06999969482420,51.163333892822300
2023-08-03,603784.0,103.0951,69.4,306.187,5.33,3.8,,191.1699981689450,128.4499969482420,326.6600036621090,97.58000183105470,51.62666702270510
2023-08-04,603784.0,103.0951,69.4,306.187,5.33,3.8,,181.9900054931640,128.11000061035200,327.7799987792970,96.9000015258789,51.54999923706060
2023-08-05,603784.0,103.0951,69.4,306.187,5.33,3.8,,,,,,51.68000030517580
2023-08-06,603784.0,103.0951,69.4,306.187,5.33,3.8,,,,,,51.37666702270510
2023-08-07,603784.0,103.0951,69.4,306.187,5.33,3.8,,178.85000610351600,131.52999877929700,330.1099853515630,96.55999755859380,51.5533332824707
2023-08-08,603784.0,103.0951,69.4,306.187,5.33,3.8,,179.8000030517580,131.39999389648400,326.04998779296900,94.22000122070310,51.616668701171900
2023-08-09,603784.0,103.0951,69.4,306.187,5.33,3.8,,178.19000244140600,129.66000366210900,322.2300109863280,94.8499984741211,51.52333450317380
2023-08-10,603784.0,103.0951,69.4,306.187,5.33,3.8,,177.97000122070300,129.69000244140600,322.92999267578100,99.20999908447270,51.540000915527300
2023-08-11,603784.0,103.0951,69.4,306.187,5.33,3.8,,177.7899932861330,129.55999755859400,321.010009765625,95.72000122070310,52.49333190917970
2023-08-12,603784.0,103.0951,69.4,306.187,5.33,3.8,,,,,,52.790000915527300
2023-08-13,603784.0,103.0951,69.4,306.187,5.33,3.8,,,,,,53.099998474121100
2023-08-14,603784.0,103.0951,69.4,306.187,5.33,3.8,,179.4600067138670,131.3300018310550,324.0400085449220,93.45999908447270,53.05666732788090
2023-08-15,603784.0,103.0951,69.4,306.187,5.33,3.8,,177.4499969482420,129.77999877929700,321.8599853515630,91.58999633789060,53.246665954589800
2023-08-16,603784.0,103.0951,69.4,306.187,5.33,3.8,,176.57000732421900,128.6999969482420,320.3999938964840,89.12000274658200,53.0533332824707
2023-08-17,603784.0,103.0951,69.4,306.187,5.33,3.8,,174.0,129.9199981689450,316.8800048828130,90.6500015258789,53.3033332824707
2023-08-18,603784.0,103.0951,69.4,306.187,5.33,3.8,,174.49000549316400,127.45999908447300,316.4800109863280,88.02999877929690,53.28666687011720
2023-08-19,603784.0,103.0951,69.4,306.187,5.33,3.8,,,,,,53.03666687011720
2023-08-20,603784.0,103.0951,69.4,306.187,5.33,3.8,,,,,,53.073333740234400
2023-08-21,603784.0,103.0951,69.4,306.187,5.33,3.8,,175.83999633789100,128.3699951171880,321.8800048828130,88.56999969482420,53.086666107177700
2023-08-22,603784.0,103.0951,69.4,306.187,5.33,3.8,,177.22999572753900,129.0800018310550,322.4599914550780,88.08000183105470,52.779998779296900
2023-08-23,603784.0,103.0951,69.4,306.187,5.33,3.8,,181.1199951171880,132.3699951171880,327.0,89.83999633789060,53.496665954589800
2023-08-24,603784.0,103.0951,69.4,306.187,5.33,3.8,,176.3800048828130,129.77999877929700,319.9700012207030,89.11000061035160,53.54999923706060
2023-08-25,603784.0,103.0951,69.4,306.187,5.33,3.8,,178.61000061035200,129.8800048828130,322.9800109863280,89.81999969482420,53.63666534423830
2023-08-26,603784.0,103.0951,69.4,306.187,5.33,3.8,,,,,,53.41999816894530
2023-08-27,603784.0,103.0951,69.4,306.187,5.33,3.8,,,,,,53.733333587646500
2023-08-28,603784.0,103.0951,69.4,306.187,5.33,3.8,,180.19000244140600,131.00999450683600,323.70001220703100,92.23999786376950,53.33333206176760
2023-08-29,603784.0,103.0951,69.4,306.187,5.33,3.8,,184.1199951171880,134.57000732421900,328.4100036621090,94.02999877929690,53.060001373291000
2023-08-30,603784.0,103.0951,69.4,306.187,5.33,3.8,,187.6499938964840,135.8800048828130,328.7900085449220,93.6500015258789,53.086666107177700
2023-08-31,603784.0,103.0951,69.4,306.187,5.33,3.8,,187.8699951171880,136.1699981689450,327.760009765625,92.9000015258789,51.89666748046880
2023-09-01,608307.0,103.3081,67.8,307.288,5.33,3.8,,189.4600067138670,135.66000366210900,328.6600036621090,95.01000213623050,52.643333435058600
2023-09-02,608307.0,103.3081,67.8,307.288,5.33,3.8,,,,,,52.503334045410200
2023-09-03,608307.0,103.3081,67.8,307.288,5.33,3.8,,,,,,52.336666107177700
2023-09-04,608307.0,103.3081,67.8,307.288,5.33,3.8,,,,,,52.70000076293950
2023-09-05,608307.0,103.3081,67.8,307.288,5.33,3.8,,189.6999969482420,135.77000427246100,333.54998779296900,94.6500015258789,52.29666519165040
2023-09-06,608307.0,103.3081,67.8,307.288,5.33,3.8,,182.91000366210900,134.4600067138670,332.8800048828130,94.4499969482422,52.606666564941400
2023-09-07,608307.0,103.3081,67.8,307.288,5.33,3.8,,177.55999755859400,135.25999450683600,329.9100036621090,89.97000122070310,52.90666580200200
2023-09-08,608307.0,103.3081,67.8,307.288,5.33,3.8,,178.17999267578100,136.3800048828130,334.2699890136720,90.05000305175780,53.349998474121100
2023-09-09,608307.0,103.3081,67.8,307.288,5.33,3.8,,,,,,53.733333587646500
2023-09-10,608307.0,103.3081,67.8,307.288,5.33,3.8,,,,,,54.20333480834960
2023-09-11,608307.0,103.3081,67.8,307.288,5.33,3.8,,179.36000061035200,136.9199981689450,337.94000244140600,88.70999908447270,53.856666564941400
2023-09-12,608307.0,103.3081,67.8,307.288,5.33,3.8,,176.3000030517580,135.33999633789100,331.7699890136720,88.30000305175780,53.42333221435550
2023-09-13,608307.0,103.3081,67.8,307.288,5.33,3.8,,174.2100067138670,136.7100067138670,336.05999755859400,87.63999938964840,53.823333740234400
2023-09-14,608307.0,103.3081,67.8,307.288,5.33,3.8,,175.74000549316400,138.10000610351600,338.70001220703100,88.0,54.4900016784668
2023-09-15,608307.0,103.3081,67.8,307.288,5.33,3.8,,175.00999450683600,137.39999389648400,330.2200012207030,87.06999969482420,54.59000015258790
2023-09-16,608307.0,103.3081,67.8,307.288,5.33,3.8,,,,,,54.779998779296900
2023-09-17,608307.0,103.3081,67.8,307.288,5.33,3.8,,,,,,54.84000015258790
2023-09-18,608307.0,103.3081,67.8,307.288,5.33,3.8,,177.97000122070300,138.2100067138670,329.05999755859400,87.0199966430664,54.85333251953130
2023-09-19,608307.0,103.3081,67.8,307.288,5.33,3.8,,179.07000732421900,138.0399932861330,328.6499938964840,87.11000061035160,55.08333206176760
2023-09-20,608307.0,103.3081,67.8,307.288,5.33,3.8,,175.49000549316400,133.74000549316400,320.7699890136720,85.73999786376950,54.880001068115200
2023-09-21,608307.0,103.3081,67.8,307.288,5.33,3.8,,173.92999267578100,130.44000244140600,319.5299987792970,84.11000061035160,54.473331451416000
2023-09-22,608307.0,103.3081,67.8,307.288,5.33,3.8,,174.7899932861330,130.25,317.010009765625,88.30000305175780,54.459999084472700
2023-09-23,608307.0,103.3081,67.8,307.288,5.33,3.8,,,,,,54.63666534423830
2023-09-24,608307.0,103.3081,67.8,307.288,5.33,3.8,,,,,,53.973331451416000
2023-09-25,608307.0,103.3081,67.8,307.288,5.33,3.8,,176.0800018310550,131.11000061035200,317.5400085449220,87.22000122070310,54.116668701171900
2023-09-26,608307.0,103.3081,67.8,307.288,5.33,3.8,,171.9600067138670,128.57000732421900,312.1400146484380,85.91000366210940,54.356666564941400
2023-09-27,608307.0,103.3081,67.8,307.288,5.33,3.8,,170.42999267578100,130.5399932861330,312.7900085449220,86.19000244140630,54.16666793823240
2023-09-28,608307.0,103.3081,67.8,307.288,5.33,3.8,,170.69000244140600,132.30999755859400,313.6400146484380,85.54000091552730,53.90666580200200
2023-09-29,608307.0,103.3081,67.8,307.288,5.33,3.8,,171.2100067138670,130.86000061035200,315.75,86.73999786376950,54.18000030517580
2023-09-30,608307.0,103.3081,67.8,307.288,5.33,3.8,,,,,,53.310001373291000
2023-10-01,606596.0,102.5781,63.8,307.531,5.33,3.8,22679.255,,,,,53.366668701171900
2023-10-02,606596.0,102.5781,63.8,307.531,5.33,3.8,22679.255,173.75,134.1699981689450,321.79998779296900,86.52999877929690,53.029998779296900
2023-10-03,606596.0,102.5781,63.8,307.531,5.33,3.8,22679.255,172.39999389648400,132.42999267578100,313.3900146484380,84.54000091552730,53.66666793823240
2023-10-04,606596.0,102.5781,63.8,307.531,5.33,3.8,22679.255,173.66000366210900,135.24000549316400,318.9599914550780,84.08000183105470,53.026668548584000
2023-10-05,606596.0,102.5781,63.8,307.531,5.33,3.8,22679.255,174.91000366210900,135.07000732421900,319.3599853515630,83.66999816894530,52.13666534423830
2023-10-06,606596.0,102.5781,63.8,307.531,5.33,3.8,22679.255,177.49000549316400,137.5800018310550,327.260009765625,86.05999755859380,51.9466667175293
2023-10-07,606596.0,102.5781,63.8,307.531,5.33,3.8,22679.255,,,,,52.53333282470700
2023-10-08,606596.0,102.5781,63.8,307.531,5.33,3.8,22679.255,,,,,52.74333190917970
2023-10-09,606596.0,102.5781,63.8,307.531,5.33,3.8,22679.255,178.99000549316400,138.4199981689450,329.82000732421900,84.8499984741211,52.983333587646500
2023-10-10,606596.0,102.5781,63.8,307.531,5.33,3.8,22679.255,178.38999938964800,138.05999755859400,328.3900146484380,87.16999816894530,53.276668548584000
2023-10-11,606596.0,102.5781,63.8,307.531,5.33,3.8,22679.255,179.8000030517580,140.5500030517580,332.4200134277340,87.77999877929690,53.73666763305660
2023-10-12,606596.0,102.5781,63.8,307.531,5.33,3.8,22679.255,180.7100067138670,138.97000122070300,331.1600036621090,84.51000213623050,53.80666732788090
2023-10-13,606596.0,102.5781,63.8,307.531,5.33,3.8,22679.255,178.85000610351600,137.36000061035200,327.7300109863280,84.0199966430664,53.8466682434082
2023-10-14,606596.0,102.5781,63.8,307.531,5.33,3.8,22679.255,,,,,53.59000015258790
2023-10-15,606596.0,102.5781,63.8,307.531,5.33,3.8,22679.255,,,,,52.91999816894530
2023-10-16,606596.0,102.5781,63.8,307.531,5.33,3.8,22679.255,178.72000122070300,139.10000610351600,332.6400146484380,84.30999755859380,53.66999816894530
2023-10-17,606596.0,102.5781,63.8,307.531,5.33,3.8,22679.255,177.14999389648400,139.72000122070300,332.05999755859400,83.91000366210940,54.41666793823240
2023-10-18,606596.0,102.5781,63.8,307.531,5.33,3.8,22679.255,175.83999633789100,137.9600067138670,330.1099853515630,83.01000213623050,54.253334045410200
2023-10-19,606596.0,102.5781,63.8,307.531,5.33,3.8,22679.255,175.4600067138670,137.75,331.32000732421900,81.61000061035160,53.92333221435550
2023-10-20,606596.0,102.5781,63.8,307.531,5.33,3.8,22679.255,172.8800048828130,135.60000610351600,326.6700134277340,79.94000244140630,53.723331451416000
2023-10-21,606596.0,102.5781,63.8,307.531,5.33,3.8,22679.255,,,,,54.34000015258790
2023-10-22,606596.0,102.5781,63.8,307.531,5.33,3.8,22679.255,,,,,54.470001220703100
2023-10-23,606596.0,102.5781,63.8,307.531,5.33,3.8,22679.255,173.0,136.5,329.32000732421900,80.51000213623050,54.956668853759800
2023-10-24,606596.0,102.5781,63.8,307.531,5.33,3.8,22679.255,173.44000244140600,138.80999755859400,330.5299987792970,82.87000274658200,55.17333221435550
2023-10-25,606596.0,102.5781,63.8,307.531,5.33,3.8,22679.255,171.10000610351600,125.61000061035200,340.6700134277340,81.02999877929690,54.88666534423830
2023-10-26,606596.0,102.5781,63.8,307.531,5.33,3.8,22679.255,166.88999938964800,122.27999877929700,327.8900146484380,82.51000213623050,54.959999084472700
2023-10-27,606596.0,102.5781,63.8,307.531,5.33,3.8,22679.255,168.22000122070300,122.16999816894500,329.80999755859400,82.81999969482420,55.21666717529300
2023-10-28,606596.0,102.5781,63.8,307.531,5.33,3.8,22679.255,,,,,54.766666412353500
2023-10-29,606596.0,102.5781,63.8,307.531,5.33,3.8,22679.255,,,,,54.63999938964840
2023-10-30,606596.0,102.5781,63.8,307.531,5.33,3.8,22679.255,170.2899932861330,124.45999908447300,337.30999755859400,83.13999938964840,55.39666748046880
2023-10-31,606596.0,102.5781,63.8,307.531,5.33,3.8,22679.255,170.77000427246100,124.08000183105500,338.1099853515630,82.54000091552730,55.893333435058600
2023-11-01,606035.0,102.8868,61.3,308.024,5.33,3.7,22679.255,173.97000122070300,126.4499969482420,346.07000732421900,82.4800033569336,55.883331298828100
2023-11-02,606035.0,102.8868,61.3,308.024,5.33,3.7,22679.255,177.57000732421900,127.48999786377000,348.32000732421900,83.41000366210940,56.59333419799810
2023-11-03,606035.0,102.8868,61.3,308.024,5.33,3.7,22679.255,176.64999389648400,129.10000610351600,352.79998779296900,85.30999755859380,52.01333236694340
2023-11-04,606035.0,102.8868,61.3,308.024,5.33,3.7,22679.255,,,,,51.78333282470700
2023-11-05,606035.0,102.8868,61.3,308.024,5.33,3.7,22679.255,,,,,51.766666412353500
2023-11-06,606035.0,102.8868,61.3,308.024,5.33,3.7,22679.255,179.22999572753900,130.25,356.5299987792970,85.36000061035160,51.95333480834960
2023-11-07,606035.0,102.8868,61.3,308.024,5.33,3.7,22679.255,181.82000732421900,130.97000122070300,360.5299987792970,85.41000366210940,51.55666732788090
2023-11-08,606035.0,102.8868,61.3,308.024,5.33,3.7,22679.255,182.88999938964800,131.83999633789100,363.2000122070310,84.80000305175780,52.02000045776370
2023-11-09,606035.0,102.8868,61.3,308.024,5.33,3.7,22679.255,182.41000366210900,130.24000549316400,360.69000244140600,82.7300033569336,52.25666809082030
2023-11-10,606035.0,102.8868,61.3,308.024,5.33,3.7,22679.255,186.3999938964840,132.58999633789100,369.6700134277340,82.75,52.880001068115200
2023-11-11,606035.0,102.8868,61.3,308.024,5.33,3.7,22679.255,,,,,52.026668548584000
2023-11-12,606035.0,102.8868,61.3,308.024,5.33,3.7,22679.255,,,,,51.89666748046880
2023-11-13,606035.0,102.8868,61.3,308.024,5.33,3.7,22679.255,184.8000030517580,132.08999633789100,366.6799926757810,82.26000213623050,51.4466667175293
2023-11-14,606035.0,102.8868,61.3,308.024,5.33,3.7,22679.255,187.44000244140600,133.6199951171880,370.2699890136720,83.87000274658200,51.43333435058590
2023-11-15,606035.0,102.8868,61.3,308.024,5.33,3.7,22679.255,188.0099945068360,134.6199951171880,369.6700134277340,87.06999969482420,51.90999984741210
2023-11-16,606035.0,102.8868,61.3,308.024,5.33,3.7,22679.255,189.7100067138670,136.92999267578100,376.1700134277340,79.11000061035160,51.3466682434082
2023-11-17,606035.0,102.8868,61.3,308.024,5.33,3.7,22679.255,189.69000244140600,135.30999755859400,369.8500061035160,77.5999984741211,50.81999969482420
2023-11-18,606035.0,102.8868,61.3,308.024,5.33,3.7,22679.255,,,,,50.28666687011720
2023-11-19,606035.0,102.8868,61.3,308.024,5.33,3.7,22679.255,,,,,50.413333892822300
2023-11-20,606035.0,102.8868,61.3,308.024,5.33,3.7,22679.255,191.4499969482420,136.25,377.44000244140600,78.45999908447270,50.45333480834960
2023-11-21,606035.0,102.8868,61.3,308.024,5.33,3.7,22679.255,190.63999938964800,136.97000122070300,373.0700073242190,78.94000244140630,51.349998474121100
2023-11-22,606035.0,102.8868,61.3,308.024,5.33,3.7,22679.255,191.30999755859400,138.49000549316400,377.8500061035160,78.95999908447270,50.723331451416000
2023-11-23,606035.0,102.8868,61.3,308.024,5.33,3.7,22679.255,,,,,50.913333892822300
2023-11-24,606035.0,102.8868,61.3,308.024,5.33,3.7,22679.255,189.97000122070300,136.69000244140600,377.4299926757810,78.48999786376950,51.65666580200200
2023-11-25,606035.0,102.8868,61.3,308.024,5.33,3.7,22679.255,,,,,51.84333419799810
2023-11-26,606035.0,102.8868,61.3,308.024,5.33,3.7,22679.255,,,,,51.23666763305660
2023-11-27,606035.0,102.8868,61.3,308.024,5.33,3.7,22679.255,189.7899932861330,136.41000366210900,378.6099853515630,77.52999877929690,51.599998474121100
2023-11-28,606035.0,102.8868,61.3,308.024,5.33,3.7,22679.255,190.3999938964840,137.1999969482420,382.7000122070310,76.73999786376950,52.21666717529300
2023-11-29,606035.0,102.8868,61.3,308.024,5.33,3.7,22679.255,189.3699951171880,134.99000549316400,378.8500061035160,74.66999816894530,52.13666534423830
2023-11-30,606035.0,102.8868,61.3,308.024,5.33,3.7,22679.255,189.9499969482420,132.52999877929700,378.9100036621090,74.87999725341800,52.62666702270510
2023-12-01,608730.0,102.6309,69.7,308.742,5.33,3.7,22679.255,191.2400054931640,131.86000061035200,374.510009765625,73.98999786376950,52.52333450317380
2023-12-02,608730.0,102.6309,69.7,308.742,5.33,3.7,22679.255,,,,,52.54999923706060
2023-12-03,608730.0,102.6309,69.7,308.742,5.33,3.7,22679.255,,,,,53.0966682434082
2023-12-04,608730.0,102.6309,69.7,308.742,5.33,3.7,22679.255,189.42999267578100,129.27000427246100,369.1400146484380,73.02999877929690,53.099998474121100
2023-12-05,608730.0,102.6309,69.7,308.742,5.33,3.7,22679.255,193.4199981689450,130.99000549316400,372.5199890136720,72.37999725341800,52.586666107177700
2023-12-06,608730.0,102.6309,69.7,308.742,5.33,3.7,22679.255,192.32000732421900,130.02000427246100,368.7999877929690,71.48999786376950,52.23666763305660
2023-12-07,608730.0,102.6309,69.7,308.742,5.33,3.7,22679.255,194.27000427246100,136.92999267578100,370.9500122070310,72.33000183105470,52.75
2023-12-08,608730.0,102.6309,69.7,308.742,5.33,3.7,22679.255,195.7100067138670,134.99000549316400,374.2300109863280,72.13999938964840,53.10333251953130
2023-12-09,608730.0,102.6309,69.7,308.742,5.33,3.7,22679.255,,,,,53.76333236694340
2023-12-10,608730.0,102.6309,69.7,308.742,5.33,3.7,22679.255,,,,,53.70333480834960
2023-12-11,608730.0,102.6309,69.7,308.742,5.33,3.7,22679.255,193.17999267578100,133.2899932861330,371.2999877929690,71.37000274658200,53.77333450317380
2023-12-12,608730.0,102.6309,69.7,308.742,5.33,3.7,22679.255,194.7100067138670,132.52000427246100,374.3800048828130,71.38999938964840,53.94333267211910
2023-12-13,608730.0,102.6309,69.7,308.742,5.33,3.7,22679.255,197.9600067138670,132.57000732421900,374.3699951171880,71.45999908447270,53.689998626709000
2023-12-14,608730.0,102.6309,69.7,308.742,5.33,3.7,22679.255,198.11000061035200,131.94000244140600,365.9299926757810,72.51000213623050,54.413333892822300
2023-12-15,608730.0,102.6309,69.7,308.742,5.33,3.7,22679.255,197.57000732421900,132.60000610351600,370.7300109863280,74.51000213623050,54.12666702270510
2023-12-16,608730.0,102.6309,69.7,308.742,5.33,3.7,22679.255,,,,,54.130001068115200
2023-12-17,608730.0,102.6309,69.7,308.742,5.33,3.7,22679.255,,,,,54.266666412353500
2023-12-18,608730.0,102.6309,69.7,308.742,5.33,3.7,22679.255,195.88999938964800,135.8000030517580,372.6499938964840,73.83999633789060,53.5
2023-12-19,608730.0,102.6309,69.7,308.742,5.33,3.7,22679.255,196.94000244140600,136.64999389648400,373.260009765625,75.38999938964840,54.279998779296900
2023-12-20,608730.0,102.6309,69.7,308.742,5.33,3.7,22679.255,194.8300018310550,138.33999633789100,370.6199951171880,73.3499984741211,54.75666809082030
2023-12-21,608730.0,102.6309,69.7,308.742,5.33,3.7,22679.255,194.67999267578100,140.4199981689450,373.5400085449220,76.26000213623050,55.01333236694340
2023-12-22,608730.0,102.6309,69.7,308.742,5.33,3.7,22679.255,193.6000061035160,141.49000549316400,374.5799865722660,75.27999877929690,55.1966667175293
2023-12-23,608730.0,102.6309,69.7,308.742,5.33,3.7,22679.255,,,,,55.08333206176760
2023-12-24,608730.0,102.6309,69.7,308.742,5.33,3.7,22679.255,,,,,56.10333251953130
2023-12-25,608730.0,102.6309,69.7,308.742,5.33,3.7,22679.255,,,,,56.52333450317380
2023-12-26,608730.0,102.6309,69.7,308.742,5.33,3.7,22679.255,193.0500030517580,141.52000427246100,374.6600036621090,75.8499984741211,56.220001220703100
2023-12-27,608730.0,102.6309,69.7,308.742,5.33,3.7,22679.255,193.1499938964840,140.3699951171880,374.0700073242190,76.11000061035160,56.60333251953130
2023-12-28,608730.0,102.6309,69.7,308.742,5.33,3.7,22679.255,193.5800018310550,140.22999572753900,375.2799987792970,77.23999786376950,56.459999084472700
2023-12-29,608730.0,102.6309,69.7,308.742,5.33,3.7,22679.255,192.52999877929700,139.69000244140600,376.0400085449220,77.51000213623050,56.456668853759800
2023-12-30,608730.0,102.6309,69.7,308.742,5.33,3.7,22679.255,,,,,56.426666259765600
2023-12-31,608730.0,102.6309,69.7,308.742,5.33,3.7,22679.255,,,,,56.766666412353500
2024-01-01,601921.0,101.7126,79.0,309.685,5.33,3.7,22758.752,,,,,56.380001068115200
2024-01-02,601921.0,101.7126,79.0,309.685,5.33,3.7,,185.63999938964800,138.1699981689450,370.8699951171880,74.76000213623050,56.20000076293950
2024-01-03,601921.0,101.7126,79.0,309.685,5.33,3.7,,184.25,138.9199981689450,370.6000061035160,76.58999633789060,56.43000030517580
2024-01-04,601921.0,101.7126,79.0,309.685,5.33,3.7,,181.91000366210900,136.38999938964800,367.94000244140600,74.66000366210940,56.78666687011720
2024-01-05,601921.0,101.7126,79.0,309.685,5.33,3.7,,181.17999267578100,135.72999572753900,367.75,73.01000213623050,58.619998931884800
2024-01-06,601921.0,101.7126,79.0,309.685,5.33,3.7,,,,,,57.900001525878900
2024-01-07,601921.0,101.7126,79.0,309.685,5.33,3.7,,,,,,58.470001220703100
2024-01-08,601921.0,101.7126,79.0,309.685,5.33,3.7,,185.55999755859400,138.83999633789100,374.69000244140600,72.87999725341800,58.52000045776370
2024-01-09,601921.0,101.7126,79.0,309.685,5.33,3.7,,185.13999938964800,140.9499969482420,375.7900085449220,72.0199966430664,59.599998474121100
2024-01-10,601921.0,101.7126,79.0,309.685,5.33,3.7,,186.19000244140600,142.27999877929700,382.7699890136720,71.41000366210940,59.59000015258790
2024-01-11,601921.0,101.7126,79.0,309.685,5.33,3.7,,185.58999633789100,142.0800018310550,384.6300048828130,72.37999725341800,59.619998931884800
2024-01-12,601921.0,101.7126,79.0,309.685,5.33,3.7,,185.9199981689450,142.64999389648400,388.4700012207030,71.83999633789060,58.61000061035160
2024-01-13,601921.0,101.7126,79.0,309.685,5.33,3.7,,,,,,58.7599983215332
2024-01-14,601921.0,101.7126,79.0,309.685,5.33,3.7,,,,,,59.29999923706060
2024-01-15,601921.0,101.7126,79.0,309.685,5.33,3.7,,,,,,60.040000915527300
2024-01-16,601921.0,101.7126,79.0,309.685,5.33,3.7,,183.6300048828130,142.49000549316400,390.2699890136720,69.45999908447270,60.56999969482420
2024-01-17,601921.0,101.7126,79.0,309.685,5.33,3.7,,182.67999267578100,141.47000122070300,389.4700012207030,68.93000030517580,60.36000061035160
2024-01-18,601921.0,101.7126,79.0,309.685,5.33,3.7,,188.6300048828130,143.47999572753900,393.8699951171880,68.05000305175780,60.119998931884800
2024-01-19,601921.0,101.7126,79.0,309.685,5.33,3.7,,191.55999755859400,146.3800048828130,398.6700134277340,69.41999816894530,60.65999984741210
2024-01-20,601921.0,101.7126,79.0,309.685,5.33,3.7,,,,,,61.40999984741210
2024-01-21,601921.0,101.7126,79.0,309.685,5.33,3.7,,,,,,61.279998779296900
2024-01-22,601921.0,101.7126,79.0,309.685,5.33,3.7,,193.88999938964800,145.99000549316400,396.510009765625,68.62999725341800,61.02000045776370
2024-01-23,601921.0,101.7126,79.0,309.685,5.33,3.7,,195.17999267578100,147.0399932861330,398.8999938964840,74.0199966430664,60.68000030517580
2024-01-24,601921.0,101.7126,79.0,309.685,5.33,3.7,,194.5,148.6999969482420,402.55999755859400,75.19999694824220,60.86000061035160
2024-01-25,601921.0,101.7126,79.0,309.685,5.33,3.7,,194.1699981689450,151.8699951171880,404.8699951171880,73.8499984741211,60.869998931884800
2024-01-26,601921.0,101.7126,79.0,309.685,5.33,3.7,,192.4199981689450,152.19000244140600,403.9299926757810,74.01000213623050,61.25
2024-01-27,601921.0,101.7126,79.0,309.685,5.33,3.7,,,,,,61.45000076293950
2024-01-28,601921.0,101.7126,79.0,309.685,5.33,3.7,,,,,,60.869998931884800
2024-01-29,601921.0,101.7126,79.0,309.685,5.33,3.7,,191.72999572753900,153.50999450683600,409.7200012207030,73.58000183105470,60.56999969482420
2024-01-30,601921.0,101.7126,79.0,309.685,5.33,3.7,,188.0399932861330,151.4600067138670,408.5899963378910,72.31999969482420,60.5099983215332
2024-01-31,601921.0,101.7126,79.0,309.685,5.33,3.7,,184.3999938964840,140.10000610351600,397.5799865722660,72.16999816894530,60.720001220703100
2024-02-01,606720.0,102.7423,76.9,311.054,5.33,3.9,,186.86000061035200,141.16000366210900,403.7799987792970,72.45999908447270,60.16999816894530
2024-02-02,606720.0,102.7423,76.9,311.054,5.33,3.9,,185.8500061035160,142.3800048828130,411.2200012207030,71.8499984741211,60.0
2024-02-03,606720.0,102.7423,76.9,311.054,5.33,3.9,,,,,,59.15999984741210
2024-02-04,606720.0,102.7423,76.9,311.054,5.33,3.9,,,,,,59.43000030517580
2024-02-05,606720.0,102.7423,76.9,311.054,5.33,3.9,,187.67999267578100,143.67999267578100,405.6499938964840,74.62999725341800,59.5
2024-02-06,606720.0,102.7423,76.9,311.054,5.33,3.9,,189.3000030517580,144.10000610351600,405.489990234375,78.2300033569336,59.849998474121100
2024-02-07,606720.0,102.7423,76.9,311.054,5.33,3.9,,189.41000366210900,145.5399932861330,414.0499877929690,73.63999938964840,59.779998779296900
2024-02-08,606720.0,102.7423,76.9,311.054,5.33,3.9,,188.32000732421900,145.91000366210900,414.1099853515630,70.77999877929690,59.790000915527300
2024-02-09,606720.0,102.7423,76.9,311.054,5.33,3.9,,188.8500061035160,149.0,420.5499877929690,72.0199966430664,60.619998931884800
2024-02-10,606720.0,102.7423,76.9,311.054,5.33,3.9,,,,,,60.09000015258790
2024-02-11,606720.0,102.7423,76.9,311.054,5.33,3.9,,,,,,60.13999938964840
2024-02-12,606720.0,102.7423,76.9,311.054,5.33,3.9,,187.1499938964840,147.52999877929700,415.260009765625,73.13999938964840,59.93000030517580
2024-02-13,606720.0,102.7423,76.9,311.054,5.33,3.9,,185.0399932861330,145.13999938964800,406.3200073242190,71.5999984741211,59.84000015258790
2024-02-14,606720.0,102.7423,76.9,311.054,5.33,3.9,,184.1499938964840,145.94000244140600,409.489990234375,73.38999938964840,59.650001525878900
2024-02-15,606720.0,102.7423,76.9,311.054,5.33,3.9,,183.86000061035200,142.77000427246100,406.55999755859400,73.81999969482420,59.2599983215332
2024-02-16,606720.0,102.7423,76.9,311.054,5.33,3.9,,182.30999755859400,140.52000427246100,404.05999755859400,73.91000366210940,59.529998779296900
2024-02-17,606720.0,102.7423,76.9,311.054,5.33,3.9,,,,,,60.13999938964840
2024-02-18,606720.0,102.7423,76.9,311.054,5.33,3.9,,,,,,59.09000015258790
2024-02-19,606720.0,102.7423,76.9,311.054,5.33,3.9,,,,,,59.869998931884800
2024-02-20,606720.0,102.7423,76.9,311.054,5.33,3.9,,181.55999755859400,141.1199951171880,402.7900085449220,73.13999938964840,60.209999084472700
2024-02-21,606720.0,102.7423,76.9,311.054,5.33,3.9,,182.32000732421900,142.5500030517580,402.1799926757810,75.58000183105470,60.15999984741210
2024-02-22,606720.0,102.7423,76.9,311.054,5.33,3.9,,184.3699951171880,144.08999633789100,411.6499938964840,76.12000274658200,60.2400016784668
2024-02-23,606720.0,102.7423,76.9,311.054,5.33,3.9,,182.52000427246100,143.9600067138670,410.3399963378910,75.95999908447270,59.349998474121100
2024-02-24,606720.0,102.7423,76.9,311.054,5.33,3.9,,,,,,58.849998474121100
2024-02-25,606720.0,102.7423,76.9,311.054,5.33,3.9,,,,,,59.709999084472700
2024-02-26,606720.0,102.7423,76.9,311.054,5.33,3.9,,181.16000366210900,137.57000732421900,407.5400085449220,76.51000213623050,59.81999969482420
2024-02-27,606720.0,102.7423,76.9,311.054,5.33,3.9,,182.6300048828130,138.8800048828130,407.4800109863280,77.68000030517580,59.869998931884800
2024-02-28,606720.0,102.7423,76.9,311.054,5.33,3.9,,181.4199981689450,136.3800048828130,407.7200012207030,74.58999633789060,60.619998931884800
2024-02-29,606720.0,102.7423,76.9,311.054,5.33,3.9,,180.75,138.4600067138670,413.6400146484380,74.02999877929690,60.29999923706060
2024-03-01,610060.0,102.5096,79.4,312.23,5.33,3.8,,179.66000366210900,137.13999938964800,415.5,74.62000274658200,60.439998626709000
2024-03-02,610060.0,102.5096,79.4,312.23,5.33,3.8,,,,,,60.47999954223630
2024-03-03,610060.0,102.5096,79.4,312.23,5.33,3.8,,,,,,60.40999984741210
2024-03-04,610060.0,102.5096,79.4,312.23,5.33,3.8,,175.10000610351600,133.35000610351600,414.9200134277340,72.0,59.86000061035160
2024-03-05,610060.0,102.5096,79.4,312.23,5.33,3.8,,170.1199951171880,132.6699981689450,402.6499938964840,72.06999969482420,59.83000183105470
2024-03-06,610060.0,102.5096,79.4,312.23,5.33,3.8,,169.1199951171880,131.39999389648400,402.0899963378910,73.70999908447270,64.01000213623050
2024-03-07,610060.0,102.5096,79.4,312.23,5.33,3.8,,169.0,134.3800048828130,409.1400146484380,72.54000091552730,64.6500015258789
2024-03-08,610060.0,102.5096,79.4,312.23,5.33,3.8,,170.72999572753900,135.41000366210900,406.2200012207030,73.55000305175780,64.18000030517580
2024-03-09,610060.0,102.5096,79.4,312.23,5.33,3.8,,,,,,65.1500015258789
2024-03-10,610060.0,102.5096,79.4,312.23,5.33,3.8,,,,,,65.25
2024-03-11,610060.0,102.5096,79.4,312.23,5.33,3.8,,172.75,137.6699981689450,404.5199890136720,74.86000061035160,64.83999633789060
2024-03-12,610060.0,102.5096,79.4,312.23,5.33,3.8,,173.22999572753900,138.5,415.2799987792970,76.05999755859380,65.37999725341800
2024-03-13,610060.0,102.5096,79.4,312.23,5.33,3.8,,171.1300048828130,139.7899932861330,415.1000061035160,76.38999938964840,65.04000091552730
2024-03-14,610060.0,102.5096,79.4,312.23,5.33,3.8,,173.0,143.10000610351600,425.2200012207030,73.4000015258789,64.91999816894530
2024-03-15,610060.0,102.5096,79.4,312.23,5.33,3.8,,172.6199951171880,141.17999267578100,416.4200134277340,73.41999816894530,64.88999938964840
2024-03-16,610060.0,102.5096,79.4,312.23,5.33,3.8,,,,,,65.76000213623050
2024-03-17,610060.0,102.5096,79.4,312.23,5.33,3.8,,,,,,65.81999969482420
2024-03-18,610060.0,102.5096,79.4,312.23,5.33,3.8,,173.72000122070300,147.67999267578100,417.3200073242190,73.5199966430664,66.5999984741211
2024-03-19,610060.0,102.5096,79.4,312.23,5.33,3.8,,176.0800018310550,147.02999877929700,421.4100036621090,73.41999816894530,67.08999633789060
2024-03-20,610060.0,102.5096,79.4,312.23,5.33,3.8,,178.6699981689450,148.74000549316400,425.2300109863280,74.18000030517580,67.1500015258789
2024-03-21,610060.0,102.5096,79.4,312.23,5.33,3.8,,171.3699951171880,147.60000610351600,429.3699951171880,73.83000183105470,65.87999725341800
2024-03-22,610060.0,102.5096,79.4,312.23,5.33,3.8,,172.27999877929700,150.77000427246100,428.739990234375,72.12999725341800,66.95999908447270
2024-03-23,610060.0,102.5096,79.4,312.23,5.33,3.8,,,,,,66.7300033569336
2024-03-24,610060.0,102.5096,79.4,312.23,5.33,3.8,,,,,,66.30999755859380
2024-03-25,610060.0,102.5096,79.4,312.23,5.33,3.8,,170.85000610351600,150.07000732421900,422.8599853515630,71.45999908447270,66.69999694824220
2024-03-26,610060.0,102.5096,79.4,312.23,5.33,3.8,,169.7100067138670,150.6699981689450,421.6499938964840,71.4800033569336,67.0199966430664
2024-03-27,610060.0,102.5096,79.4,312.23,5.33,3.8,,173.30999755859400,150.8699951171880,421.4299926757810,71.58999633789060,67.41999816894530
2024-03-28,610060.0,102.5096,79.4,312.23,5.33,3.8,,171.47999572753900,150.92999267578100,420.7200012207030,72.36000061035160,67.5999984741211
2024-03-29,610060.0,102.5096,79.4,312.23,5.33,3.8,,,,,,68.01000213623050
2024-03-30,610060.0,102.5096,79.4,312.23,5.33,3.8,,,,,,67.91000366210940
2024-03-31,610060.0,102.5096,79.4,312.23,5.33,3.8,,,,,,68.9000015258789
2024-04-01,608440.0,102.429,77.2,313.207,5.33,3.9,,170.02999877929700,155.49000549316400,424.5700073242190,73.37000274658200,67.41999816894530
2024-04-02,608440.0,102.429,77.2,313.207,5.33,3.9,,168.83999633789100,154.55999755859400,421.44000244140600,72.87999725341800,68.29000091552730
2024-04-03,608440.0,102.429,77.2,313.207,5.33,3.9,,169.64999389648400,154.9199981689450,420.4500122070310,72.44000244140630,67.87999725341800
2024-04-04,608440.0,102.429,77.2,313.207,5.33,3.9,,168.82000732421900,150.52999877929700,417.8800048828130,71.94999694824220,67.70999908447270
2024-04-05,608440.0,102.429,77.2,313.207,5.33,3.9,,169.5800018310550,152.5,425.5199890136720,71.66000366210940,67.4800033569336
2024-04-06,608440.0,102.429,77.2,313.207,5.33,3.9,,,,,,68.06999969482420
2024-04-07,608440.0,102.429,77.2,313.207,5.33,3.9,,,,,,68.23999786376950
2024-04-08,608440.0,102.429,77.2,313.207,5.33,3.9,,168.4499969482420,154.85000610351600,424.5899963378910,71.70999908447270,70.04000091552730
2024-04-09,608440.0,102.429,77.2,313.207,5.33,3.9,,169.6699981689450,156.60000610351600,426.2799987792970,72.98999786376950,
2024-04-10,608440.0,102.429,77.2,313.207,5.33,3.9,,167.77999877929700,156.13999938964800,423.260009765625,74.58999633789060,
2024-04-11,608440.0,102.429,77.2,313.207,5.33,3.9,,175.0399932861330,159.41000366210900,427.9299926757810,74.8499984741211,
2024-04-12,608440.0,102.429,77.2,313.207,5.33,3.9,,176.5500030517580,157.72999572753900,421.8999938964840,71.29000091552730,
2024-04-13,608440.0,102.429,77.2,313.207,5.33,3.9,,,,,,
2024-04-14,608440.0,102.429,77.2,313.207,5.33,3.9,,,,,,
2024-04-15,608440.0,102.429,77.2,313.207,5.33,3.9,,172.69000244140600,154.86000061035200,413.6400146484380,70.62000274658200,
2024-04-16,608440.0,102.429,77.2,313.207,5.33,3.9,,169.3800048828130,154.39999389648400,414.5799865722660,69.61000061035160,
2024-04-17,608440.0,102.429,77.2,313.207,5.33,3.9,,168.0,155.47000122070300,411.8399963378910,68.81999969482420,
2024-04-18,608440.0,102.429,77.2,313.207,5.33,3.9,,167.0399932861330,156.00999450683600,404.2699890136720,68.87999725341800,
2024-04-19,608440.0,102.429,77.2,313.207,5.33,3.9,,165.0,154.08999633789100,399.1199951171880,69.06999969482420,
2024-04-20,608440.0,102.429,77.2,313.207,5.33,3.9,,,,,,
2024-04-21,608440.0,102.429,77.2,313.207,5.33,3.9,,,,,,
2024-04-22,608440.0,102.429,77.2,313.207,5.33,3.9,,165.83999633789100,156.27999877929700,400.9599914550780,70.68000030517580,
2024-04-23,608440.0,102.429,77.2,313.207,5.33,3.9,,166.89999389648400,158.25999450683600,407.5700073242190,72.51000213623050,
2024-04-24,608440.0,102.429,77.2,313.207,5.33,3.9,,169.02000427246100,159.1300048828130,409.05999755859400,74.62999725341800,
2024-04-25,608440.0,102.429,77.2,313.207,5.33,3.9,,169.88999938964800,156.0,399.0400085449220,75.11000061035160,
2024-04-26,608440.0,102.429,77.2,313.207,5.33,3.9,,169.3000030517580,171.9499969482420,406.3200073242190,75.55000305175780,
2024-04-27,608440.0,102.429,77.2,313.207,5.33,3.9,,,,,,
2024-04-28,608440.0,102.429,77.2,313.207,5.33,3.9,,,,,,
2024-04-29,608440.0,102.429,77.2,313.207,5.33,3.9,,173.5,166.14999389648400,402.25,76.41000366210940,
2024-04-30,608440.0,102.429,77.2,313.207,5.33,3.9,,170.3300018310550,162.77999877929700,389.3299865722660,74.8499984741211,
2024-05-01,609474.0,103.1168,69.1,313.225,5.33,4.0,,169.3000030517580,163.86000061035200,394.94000244140600,75.51000213623050,
2023-07-06,,,,,5.08,,,191.80999755859400,120.11000061035200,341.2699890136720,83.83999633789060,
2023-07-07,,,,,5.08,,,190.67999267578100,119.4800033569340,337.2200012207030,90.5500030517578,
2023-07-08,,,,,5.08,,,,,,,
2023-07-09,,,,,5.08,,,,,,,
2023-07-10,,,,,5.07,,,188.61000061035200,116.4499969482420,331.8299865722660,90.55999755859380,
2023-07-11,,,,,5.08,,,188.0800018310550,117.13999938964800,332.4700012207030,91.79000091552730,
2023-07-12,,,,,5.08,,,189.77000427246100,118.93000030517600,337.20001220703100,94.0,
2023-07-13,,,,,5.08,,,190.5399932861330,124.54000091552700,342.6600036621090,96.61000061035160,
2023-07-14,,,,,5.08,,,190.69000244140600,125.41999816894500,345.239990234375,94.55999755859380,
2023-07-15,,,,,5.08,,,,,,,
2023-07-16,,,,,5.08,,,,,,,
2023-07-17,,,,,5.08,,,193.9900054931640,124.6500015258790,345.7300109863280,93.41000366210940,
2023-07-18,,,,,5.08,,,193.72999572753900,123.76000213623000,359.489990234375,91.1999969482422,
2023-07-19,,,,,5.08,,,195.1000061035160,122.02999877929700,355.0799865722660,92.08999633789060,
2023-07-20,,,,,5.08,,,193.1300048828130,119.1999969482420,346.8699951171880,91.9000015258789,
2023-07-21,,,,,5.08,,,191.94000244140600,120.0199966430660,343.7699890136720,92.16999816894530,
2023-07-22,,,,,5.08,,,,,,,
2023-07-23,,,,,5.08,,,,,,,
2023-07-24,,,,,5.08,,,192.75,121.52999877929700,345.1099853515630,96.3499984741211,
2023-07-25,,,,,5.08,,,193.6199951171880,122.20999908447300,350.9800109863280,94.9800033569336,
2023-07-26,,,,,5.08,,,194.5,129.27000427246100,337.7699890136720,97.13999938964840,
2023-07-27,,,,,5.33,,,193.22000122070300,129.39999389648400,330.7200012207030,95.44000244140620,
2023-07-28,,,,,5.33,,,195.8300018310550,132.5800018310550,338.3699951171880,100.5500030517580,
2023-07-29,,,,,5.33,,,,,,,
2023-07-30,,,,,5.33,,,,,,,
2023-07-31,,,,,5.33,,,196.4499969482420,132.72000122070300,335.9200134277340,102.16000366210900,
2024-05-02,,,,,5.33,4.0,,173.02999877929700,166.6199951171880,397.8399963378910,80.33000183105470,
2024-05-03,,,,,5.33,4.0,,183.3800048828130,167.24000549316400,406.6600036621090,81.33000183105470,
2024-05-04,,,,,5.33,4.0,,,,,,
2024-05-05,,,,,5.33,4.0,,,,,,
2024-05-06,,,,,5.33,4.0,,181.7100067138670,168.10000610351600,413.5400085449220,81.55000305175780,
2024-05-07,,,,,5.33,4.0,,182.3999938964840,171.25,409.3399963378910,79.37000274658200,
2024-05-08,,,,,5.33,4.0,,182.7400054931640,169.3800048828130,410.5400085449220,78.45999908447270,
2024-05-09,,,,,5.33,4.0,,184.57000732421900,169.9600067138670,412.3200073242190,79.45999908447270,
2024-05-10,,,,,5.33,4.0,,183.0500030517580,168.64999389648400,414.739990234375,80.04000091552730,
2024-05-11,,,,,5.33,4.0,,,,,,
2024-05-12,,,,,5.33,4.0,,,,,,
2024-05-13,,,,,5.33,4.0,,186.27999877929700,169.13999938964800,413.7200012207030,84.5999984741211,
2024-05-14,,,,,5.33,4.0,,187.42999267578100,170.33999633789100,416.55999755859400,79.51000213623050,
2024-05-15,,,,,5.33,4.0,,189.72000122070300,172.50999450683600,423.0799865722660,80.98999786376950,
2024-05-16,,,,,5.33,4.0,,189.83999633789100,174.17999267578100,420.989990234375,86.69999694824220,
2024-05-17,,,,,5.33,4.0,,189.8699951171880,176.05999755859400,420.2099914550780,88.54000091552730,
2024-05-18,,,,,5.33,4.0,,,,,,
2024-05-19,,,,,5.33,4.0,,,,,,
2024-05-20,,,,,5.33,4.0,,191.0399932861330,176.9199981689450,425.3399963378910,88.27999877929690,
2024-05-21,,,,,5.33,4.0,,192.3500061035160,177.85000610351600,429.0400085449220,86.12999725341800,
2024-05-22,,,,,5.33,4.0,,190.8999938964840,176.3800048828130,430.5199890136720,82.68000030517580,
2024-05-23,,,,,5.33,4.0,,186.8800048828130,173.5500030517580,427.0,80.80000305175780,
2024-05-24,,,,,5.33,4.0,,189.97999572753900,174.99000549316400,430.1600036621090,81.26000213623050,
2024-05-25,,,,,5.33,4.0,,,,,,
2024-05-26,,,,,5.33,4.0,,,,,,
2024-05-27,,,,,5.33,4.0,,,,,,
2024-05-28,,,,,5.33,4.0,,189.9900054931640,176.39999389648400,430.3200073242190,80.58000183105470,
2024-05-29,,,,,5.33,4.0,,190.2899932861330,175.89999389648400,429.1700134277340,79.05999755859380,
2024-05-30,,,,,5.33,4.0,,191.2899932861330,172.11000061035200,414.6700134277340,79.62999725341800,
2024-05-31,,,,,5.33,4.0,,192.25,172.5,415.1300048828130,78.33999633789060,
2024-06-01,,,,,5.33,4.1,,,,,,
2024-06-02,,,,,5.33,,,,,,,
2024-06-03,,,,,5.33,,,194.02999877929700,173.1699981689450,413.5199890136720,77.9000015258789,
2024-06-04,,,,,5.33,,,194.3500061035160,173.7899932861330,416.0700073242190,78.44999694824220,
2024-06-05,,,,,5.33,,,195.8699951171880,175.41000366210900,424.010009765625,79.83000183105470,
2024-06-06,,,,,5.33,,,194.47999572753900,176.72999572753900,424.5199890136720,80.01000213623050,
2024-06-07,,,,,5.33,,,196.88999938964800,174.4600067138670,423.8500061035160,78.41000366210940,
2024-06-08,,,,,5.33,,,,,,,
2024-06-09,,,,,5.33,,,,,,,
2024-06-10,,,,,5.33,,,193.1199951171880,175.00999450683600,427.8699951171880,79.30000305175780,
2024-06-11,,,,,5.33,,,207.1499938964840,176.6199951171880,432.6799926757810,77.9000015258789,
2024-06-12,,,,,5.33,,,213.07000732421900,177.7899932861330,441.05999755859400,78.04000091552730,
2024-06-13,,,,,5.33,,,214.2400054931640,175.16000366210900,441.5799865722660,75.68000030517580,
2024-06-14,,,,,5.33,,,212.4900054931640,176.7899932861330,442.5700073242190,73.3499984741211,
2024-06-15,,,,,5.33,,,,,,,
2024-06-16,,,,,5.33,,,,,,,
2024-06-17,,,,,5.33,,,216.6699981689450,177.24000549316400,448.3699951171880,74.55000305175780,
2024-06-18,,,,,5.33,,,214.2899932861330,175.08999633789100,446.3399963378910,74.45999908447270,
2024-06-19,,,,,5.33,,,,,,,
2024-06-20,,,,,5.33,,,209.67999267578100,176.3000030517580,445.7000122070310,74.3499984741211,
2024-06-21,,,,,5.33,,,207.4900054931640,179.6300048828130,449.7799987792970,73.66999816894530,
2024-06-22,,,,,5.33,,,,,,,
2024-06-23,,,,,5.33,,,,,,,
2024-06-24,,,,,5.33,,,208.13999938964800,179.22000122070300,447.6700134277340,74.79000091552730,
2024-06-25,,,,,5.33,,,209.07000732421900,184.02999877929700,450.9500122070310,73.79000091552730,
2024-06-26,,,,,5.33,,,213.25,183.8800048828130,452.1600036621090,74.16999816894530,
2024-06-27,,,,,5.33,,,214.1000061035160,185.41000366210900,452.8500061035160,72.37000274658200,
2024-06-28,,,,,5.33,,,210.6199951171880,182.1499938964840,446.9500122070310,72.0,
2024-06-29,,,,,5.33,,,,,,,
2024-06-30,,,,,5.33,,,,,,,
2024-07-01,,,,,5.33,,,216.75,182.9900054931640,456.7300109863280,72.18000030517580,
2024-07-02,,,,,5.33,,,220.27000427246100,185.2400054931640,459.2799987792970,73.68000030517580,
2024-07-03,,,,,5.33,,,221.5500030517580,185.82000732421900,460.7699890136720,75.56999969482420,
2024-07-04,,,,,5.33,,,,,,,
2024-07-05,,,,,,,,226.33999633789100,190.6000061035160,467.55999755859400,74.5199966430664,